CODIGO_CLIENTE;NOME_CLIENTE
1;Agatha Aragão
2;Agatha Lima
3;Agatha Mendes
4;Agatha Nogueira
5;Agatha da Mata
6;Alana Alves
7;Alana Dias
8;Alana Silva
9;Alana da Cunha
10;Alana da Mata
11;Alexandre da Paz
12;Alexia Cavalcanti
13;Alexia Nunes
14;Alexia Pereira
15;Alexia Silveira
16;Alice Cardoso
17;Alice Costela
18;Alice Cunha
19;Alice Mendes
20;Alice Pereira
21;Alice da Costa
22;Alícia Nascimento
23;Alícia Oliveira
24;Alícia da Mata
25;Amanda Araújo
26;Amanda Castro
27;Amanda Dias
28;Amanda Farias
29;Amanda Fernandes
30;Ana Beatriz Gomes
31;Ana Beatriz Moraes
32;Ana Beatriz Porto
33;Ana Caldeira
34;Ana Carolina Oliveira
35;Ana Carolina Ribeiro
36;Ana Carolina Rocha
37;Ana Carolina Teixeira
38;Ana Carolina Teixeira
39;Ana Clara Barbosa
40;Ana Clara Pereira
41;Ana Duarte
42;Ana Julia Barros
43;Ana Julia Castro
44;Ana Julia Teixeira
45;Ana Julia Vieira
46;Ana Júlia Peixoto
47;Ana Júlia Silveira
48;Ana Júlia Souza
49;Ana Júlia da Cruz
50;Ana Júlia da Mata
51;Ana Júlia da Paz
52;Ana Laura Caldeira
53;Ana Laura Ferreira
54;Ana Laura Moraes
55;Ana Laura Oliveira
56;Ana Laura da Conceição
57;Ana Luiza Costa
58;Ana Luiza Peixoto
59;Ana Lívia Costela
60;Ana Lívia Dias
61;Ana Lívia Farias
62;Ana Lívia Lopes
63;Ana Lívia Pereira
64;Ana Lívia Pires
65;Ana Lívia Rezende
66;Ana Lívia Ribeiro
67;Ana Lívia Ribeiro
68;Ana Lívia Sales
69;Ana Lívia da Conceição
70;Ana Monteiro
71;Ana Pires
72;Ana Sophia Dias
73;Ana Vitória Alves
74;Ana Vitória Barbosa
75;Ana Vitória Monteiro
76;Ana Vitória Nogueira
77;Ana Vitória Peixoto
78;Ana Vitória Ramos
79;Ana Vitória Ramos
80;Ana Vitória Rezende
81;Ana Vitória Silveira
82;Ana Vitória da Costa
83;Ana da Conceição
84;Ana da Luz
85;André Barros
86;André Barros
87;André Costela
88;André Vieira
89;Anthony Lopes
90;Anthony Rodrigues
91;Anthony da Cunha
92;Antônio Almeida
93;Antônio Castro
94;Antônio Fernandes
95;Antônio Nascimento
96;Antônio Novaes
97;Antônio Viana
98;Arthur Caldeira
99;Arthur Dias
100;Arthur Freitas
101;Arthur Monteiro
102;Augusto Barbosa
103;Augusto Pinto
104;Augusto Rezende
105;Augusto Rezende
106;Augusto Viana
107;Augusto da Rosa
108;Beatriz Nunes
109;Beatriz Silveira
110;Benjamin Peixoto
111;Benjamin Ramos
112;Benício Fogaça
113;Benício Moreira
114;Bernardo Gonçalves
115;Bernardo Martins
116;Bernardo Moraes
117;Bernardo Nascimento
118;Bernardo Pereira
119;Bernardo Ramos
120;Bernardo Souza
121;Bernardo da Mata
122;Bianca Moura
123;Bianca Nascimento
124;Bianca Sales
125;Bianca da Conceição
126;Brenda Alves
127;Brenda Barbosa
128;Brenda Castro
129;Brenda Lima
130;Brenda Monteiro
131;Brenda Novaes
132;Brenda Viana
133;Brenda Vieira
134;Brenda da Paz
135;Brenda da Rosa
136;Breno Cavalcanti
137;Breno Novaes
138;Breno Porto
139;Breno Silveira
140;Breno da Costa
141;Bruna da Costa
142;Bruno Cardoso
143;Bruno Carvalho
144;Bruno Cavalcanti
145;Bruno Freitas
146;Bruno Melo
147;Bruno Nogueira
148;Bruno Oliveira
149;Bruno Pereira
150;Bruno da Conceição
151;Bryan Mendes
152;Bryan Nunes
153;Bryan Pires
154;Bryan da Cunha
155;Bárbara Campos
156;Bárbara Cavalcanti
157;Bárbara Duarte
158;Bárbara Ribeiro
159;Bárbara Rodrigues
160;Bárbara da Paz
161;Caio Cardoso
162;Caio Rodrigues
163;Caio Souza
164;Calebe Rezende
165;Camila Teixeira
166;Camila Viana
167;Camila da Rocha
168;Carlos Eduardo Rocha
169;Carlos Eduardo Silveira
170;Carlos Eduardo Souza
171;Carolina Azevedo
172;Carolina Gonçalves
173;Carolina Lima
174;Caroline Duarte
175;Caroline Silva
176;Catarina Cardoso
177;Catarina Melo
178;Catarina Silva
179;Cauã Barbosa
180;Cauã Freitas
181;Cauã da Cruz
182;Cauã da Cunha
183;Cauê Azevedo
184;Cauê Castro
185;Cauê Ferreira
186;Cauê Martins
187;Cauê Nascimento
188;Cauê Nogueira
189;Cauê da Rocha
190;Cecília Ramos
191;Cecília das Neves
192;Clara Azevedo
193;Clara Carvalho
194;Clara Vieira
195;Clarice Araújo
196;Clarice Campos
197;Clarice Castro
198;Clarice Moreira
199;Clarice da Mota
200;Daniel Cavalcanti
201;Daniel Jesus
202;Daniel Nascimento
203;Daniela Almeida
204;Daniela Duarte
205;Daniela Souza
206;Daniela da Rosa
207;Danilo Campos
208;Danilo Sales
209;Danilo da Costa
210;Davi Lucas Araújo
211;Davi Lucas Lima
212;Davi Lucas Nogueira
213;Davi Lucas Peixoto
214;Davi Lucas Silva
215;Davi Lucas Silveira
216;Davi Lucas Teixeira
217;Davi Lucas da Mota
218;Davi Lucas da Paz
219;Davi Lucca Araújo
220;Davi Lucca Correia
221;Davi Lucca Martins
222;Davi Lucca Nascimento
223;Davi Lucca Nunes
224;Davi Lucca Ribeiro
225;Davi Luiz da Luz
226;Diego Caldeira
227;Diego Caldeira
228;Diego Cardoso
229;Diego Castro
230;Diego Pinto
231;Diego Ribeiro
232;Diego da Paz
233;Diogo Farias
234;Diogo Monteiro
235;Diogo Porto
236;Diogo Rezende
237;Diogo da Luz
238;Dr. André da Rocha
239;Dr. Augusto Porto
240;Dr. Carlos Eduardo Cardoso
241;Dr. Danilo Santos
242;Dr. Davi Luiz Campos
243;Dr. Enrico Teixeira
244;Dr. Gabriel Correia
245;Dr. Guilherme Moura
246;Dr. Gustavo Henrique Campos
247;Dr. Gustavo da Cruz
248;Dr. Heitor Santos
249;Dr. Joaquim Peixoto
250;Dr. João Felipe Melo
251;Dr. João Felipe Nunes
252;Dr. João Lucas Correia
253;Dr. João Pedro Pinto
254;Dr. Juan Caldeira
255;Dr. Juan Lopes
256;Dr. Juan Rodrigues
257;Dr. Kaique Cavalcanti
258;Dr. Levi Cavalcanti
259;Dr. Lucas Souza
260;Dr. Luigi Lima
261;Dr. Luiz Henrique Cardoso
262;Dr. Marcelo Fernandes
263;Dr. Pedro Henrique das Neves
264;Dr. Pedro Lucas Castro
265;Dr. Pedro Miguel Castro
266;Dr. Pedro Miguel da Costa
267;Dr. Pietro Almeida
268;Dr. Rafael Correia
269;Dr. Rodrigo Gomes
270;Dr. Rodrigo Oliveira
271;Dr. Ryan Pires
272;Dr. Samuel Mendes
273;Dr. Theo Vieira
274;Dr. Thiago Farias
275;Dr. Vitor Gabriel Duarte
276;Dr. Vitor Gabriel Oliveira
277;Dra. Agatha Silveira
278;Dra. Ana Clara Dias
279;Dra. Ana Júlia Rodrigues
280;Dra. Ana Sophia Dias
281;Dra. Brenda Cunha
282;Dra. Caroline Lima
283;Dra. Catarina Martins
284;Dra. Cecília Barbosa
285;Dra. Eduarda Araújo
286;Dra. Elisa Dias
287;Dra. Esther Rezende
288;Dra. Evelyn da Luz
289;Dra. Gabrielly Carvalho
290;Dra. Isadora Martins
291;Dra. Isis da Cunha
292;Dra. Julia Moura
293;Dra. Júlia Ribeiro
294;Dra. Kamilly Farias
295;Dra. Laura Dias
296;Dra. Laura Moraes
297;Dra. Lavínia Silveira
298;Dra. Laís Silveira
299;Dra. Luiza Nascimento
300;Dra. Marcela Caldeira
301;Dra. Maria Dias
302;Dra. Maria Fernanda Nascimento
303;Dra. Marina da Mota
304;Dra. Maysa Lopes
305;Dra. Melissa Alves
306;Dra. Melissa da Conceição
307;Dra. Milena Freitas
308;Dra. Natália das Neves
309;Dra. Sabrina Cavalcanti
310;Dra. Sophia Souza
311;Dra. Valentina Nascimento
312;Eduarda Costa
313;Eduarda Freitas
314;Eduarda Gomes
315;Eduarda da Luz
316;Eduardo Aragão
317;Eduardo Ferreira
318;Eduardo Rodrigues
319;Eduardo Sales
320;Eduardo Souza
321;Elisa Cardoso
322;Elisa Moraes
323;Elisa Novaes
324;Elisa Nunes
325;Elisa Sales
326;Elisa Santos
327;Elisa Souza
328;Eloah Caldeira
329;Eloah Porto
330;Eloah da Costa
331;Eloah da Paz
332;Emanuel Barros
333;Emanuel Campos
334;Emanuel Fernandes
335;Emanuel Freitas
336;Emanuella Monteiro
337;Emanuella Ribeiro
338;Emanuella da Mota
339;Emanuella das Neves
340;Emanuelly Araújo
341;Emanuelly Castro
342;Emanuelly Fogaça
343;Emanuelly Nogueira
344;Emilly Aragão
345;Emilly Carvalho
346;Emilly Rodrigues
347;Enrico Dias
348;Enrico Rocha
349;Enrico Santos
350;Enrico da Mata
351;Enrico da Mata
352;Enzo Aragão
353;Enzo Fernandes
354;Enzo Gabriel Cardoso
355;Enzo Gabriel Costela
356;Enzo Gabriel Farias
357;Enzo Gabriel Ferreira
358;Enzo Gabriel Martins
359;Enzo Gabriel Melo
360;Enzo Gabriel Mendes
361;Enzo Gabriel Moura
362;Enzo Gabriel Pinto
363;Enzo Gabriel da Paz
364;Enzo Martins
365;Enzo Martins
366;Enzo Melo
367;Enzo Moreira
368;Enzo Peixoto
369;Enzo Peixoto
370;Enzo Porto
371;Enzo Rocha
372;Enzo Sales
373;Enzo da Conceição
374;Erick Costela
375;Erick Santos
376;Erick Vieira
377;Esther Jesus
378;Esther Melo
379;Esther da Conceição
380;Esther da Paz
381;Evelyn Almeida
382;Evelyn Alves
383;Evelyn Caldeira
384;Evelyn Novaes
385;Evelyn Sales
386;Felipe Barbosa
387;Felipe Castro
388;Felipe Dias
389;Felipe Souza
390;Fernanda Lima
391;Fernanda Nascimento
392;Fernanda da Cunha
393;Fernando Carvalho
394;Fernando Pires
395;Fernando da Cunha
396;Fernando da Rocha
397;Francisco Aragão
398;Francisco Fogaça
399;Francisco Silva
400;Francisco Teixeira
401;Gabriel Jesus
402;Gabriel Rodrigues
403;Gabriel da Paz
404;Gabriela Barbosa
405;Gabriela Barbosa
406;Gabriela Campos
407;Gabriela Farias
408;Gabriela Gonçalves
409;Gabriela Pereira
410;Gabrielly Cunha
411;Gabrielly Ramos
412;Gabrielly Rezende
413;Gabrielly Ribeiro
414;Gabrielly da Conceição
415;Gabrielly da Conceição
416;Gabrielly da Paz
417;Giovanna Alves
418;Giovanna Alves
419;Giovanna Campos
420;Giovanna Cardoso
421;Giovanna Fernandes
422;Giovanna Pires
423;Giovanna da Cruz
424;Guilherme Alves
425;Guilherme Dias
426;Guilherme Rodrigues
427;Guilherme da Mota
428;Gustavo Gomes
429;Gustavo Henrique Melo
430;Gustavo Henrique Moreira
431;Gustavo Henrique Porto
432;Gustavo Novaes
433;Gustavo da Rocha
434;Heitor Nunes
435;Heitor Teixeira
436;Helena Campos
437;Helena Cardoso
438;Helena Melo
439;Helena Nogueira
440;Helena Oliveira
441;Helena Pires
442;Heloísa Costela
443;Heloísa Farias
444;Heloísa Jesus
445;Heloísa Monteiro
446;Heloísa Moreira
447;Heloísa Silva
448;Henrique Carvalho
449;Henrique Carvalho
450;Henrique Monteiro
451;Ian Rodrigues
452;Igor Cavalcanti
453;Igor Duarte
454;Igor Fernandes
455;Igor Nunes
456;Igor Rezende
457;Igor Rocha
458;Igor Rodrigues
459;Igor Souza
460;Igor da Cunha
461;Isaac Moura
462;Isaac Pires
463;Isaac Sales
464;Isaac Silva
465;Isaac da Mata
466;Isabel Barbosa
467;Isabel Dias
468;Isabel da Luz
469;Isabella Aragão
470;Isabella Correia
471;Isabella Souza
472;Isabelly Rocha
473;Isadora Rezende
474;Isadora da Rocha
475;Isis Costela
476;Isis Fernandes
477;Isis Nogueira
478;Isis Porto
479;Isis Silveira
480;Isis da Luz
481;Isis da Mata
482;Joana Barros
483;Joana Cunha
484;Joana Pinto
485;Joana Pires
486;Joana Rocha
487;Joaquim Almeida
488;Joaquim Azevedo
489;Joaquim Correia
490;Joaquim Monteiro
491;Joaquim Nogueira
492;João Costela
493;João Felipe Barros
494;João Felipe Correia
495;João Felipe da Costa
496;João Felipe da Rosa
497;João Gabriel Caldeira
498;João Gabriel Carvalho
499;João Gabriel Farias
500;João Gabriel Rodrigues
501;João Guilherme Costa
502;João Lucas Alves
503;João Lucas Lopes
504;João Lucas Monteiro
505;João Lucas da Cunha
506;João Miguel Cardoso
507;João Miguel Correia
508;João Miguel Cunha
509;João Miguel Peixoto
510;João Miguel da Rosa
511;João Pedro Pinto
512;João Vitor Novaes
513;João da Luz
514;Juan Alves
515;Juan Cunha
516;Juan Ferreira
517;Juan Lopes
518;Julia Alves
519;Julia Peixoto
520;Juliana Carvalho
521;Juliana Gomes
522;Juliana Rodrigues
523;Juliana Vieira
524;Júlia Barros
525;Júlia Cavalcanti
526;Júlia Gonçalves
527;Júlia Porto
528;Kaique Freitas
529;Kaique Lopes
530;Kaique Pinto
531;Kamilly Aragão
532;Kamilly Cavalcanti
533;Kamilly Rezende
534;Kamilly Silveira
535;Kevin Jesus
536;Kevin da Cruz
537;Lara Carvalho
538;Lara Ferreira
539;Lara Moreira
540;Lara Moura
541;Lara Nascimento
542;Laura Cardoso
543;Laura Gomes
544;Lavínia Caldeira
545;Lavínia Martins
546;Laís Araújo
547;Laís Barros
548;Laís Freitas
549;Laís da Costa
550;Leandro Castro
551;Leandro Lima
552;Leandro Lopes
553;Leandro Novaes
554;Leandro Nunes
555;Leandro Pereira
556;Leandro Pinto
557;Leonardo Lima
558;Leonardo Monteiro
559;Leonardo Pinto
560;Letícia Costela
561;Letícia Dias
562;Letícia Nascimento
563;Letícia Novaes
564;Levi Barbosa
565;Levi Farias
566;Levi Novaes
567;Levi Peixoto
568;Levi Ramos
569;Levi Rodrigues
570;Levi Silva
571;Levi da Paz
572;Lorena da Mata
573;Lorenzo da Mata
574;Luana Souza
575;Luana da Paz
576;Lucas Fogaça
577;Lucas Gabriel Almeida
578;Lucas Gabriel Cardoso
579;Lucas Gabriel Nogueira
580;Lucas Jesus
581;Lucas Pereira
582;Lucas Rodrigues
583;Lucas Santos
584;Lucas da Conceição
585;Lucas da Cunha
586;Lucas da Paz
587;Lucca Melo
588;Lucca Nunes
589;Lucca Oliveira
590;Lucca Peixoto
591;Lucca das Neves
592;Luigi Gonçalves
593;Luigi Vieira
594;Luiz Felipe Caldeira
595;Luiz Felipe Martins
596;Luiz Felipe Mendes
597;Luiz Felipe Viana
598;Luiz Fernando Ferreira
599;Luiz Fernando Ramos
600;Luiz Fernando Rocha
601;Luiz Fernando da Mata
602;Luiz Gustavo Cardoso
603;Luiz Gustavo Lopes
604;Luiz Henrique Cavalcanti
605;Luiz Henrique Ferreira
606;Luiz Henrique Gonçalves
607;Luiz Henrique Santos
608;Luiz Henrique Teixeira
609;Luiz Henrique Vieira
610;Luiz Miguel Castro
611;Luiz Miguel Dias
612;Luiz Miguel Freitas
613;Luiz Miguel Mendes
614;Luiz Miguel Teixeira
615;Luiz Otávio Correia
616;Luiz Otávio Moreira
617;Luiz Otávio Nogueira
618;Luiz Otávio Oliveira
619;Luiza Cavalcanti
620;Luiza Cunha
621;Luiza Melo
622;Luiza Moreira
623;Luna Carvalho
624;Luna Silveira
625;Lívia Barbosa
626;Lívia Cardoso
627;Lívia Cunha
628;Lívia Souza
629;Maitê Caldeira
630;Maitê Ferreira
631;Manuela Correia
632;Manuela Cunha
633;Manuela Moreira
634;Manuela Rodrigues
635;Manuela Silva
636;Marcela Azevedo
637;Marcela Freitas
638;Marcela da Mata
639;Marcela da Rocha
640;Marcelo Alves
641;Marcelo Azevedo
642;Marcelo Caldeira
643;Marcelo Castro
644;Marcelo Correia
645;Marcelo Lima
646;Marcelo Nogueira
647;Marcelo Nunes
648;Marcelo Ribeiro
649;Marcelo da Paz
650;Marcos Vinicius Barbosa
651;Marcos Vinicius Campos
652;Marcos Vinicius Duarte
653;Marcos Vinicius Novaes
654;Marcos Vinicius Rodrigues
655;Marcos Vinicius da Conceição
656;Maria Alice Rezende
657;Maria Alice da Conceição
658;Maria Alice da Cruz
659;Maria Cecília Barros
660;Maria Cecília Cardoso
661;Maria Cecília Costa
662;Maria Cecília Cunha
663;Maria Cecília Ramos
664;Maria Clara Carvalho
665;Maria Clara Farias
666;Maria Clara Nascimento
667;Maria Eduarda Fernandes
668;Maria Eduarda Moura
669;Maria Fernanda Araújo
670;Maria Fernanda Martins
671;Maria Fernanda Rodrigues
672;Maria Fernanda Santos
673;Maria Fernandes
674;Maria Freitas
675;Maria Julia Lima
676;Maria Julia da Cruz
677;Maria Luiza Gomes
678;Maria Luiza Moura
679;Maria Moraes
680;Maria Rodrigues
681;Maria Sophia Aragão
682;Maria Sophia Carvalho
683;Maria Sophia Correia
684;Maria Sophia Pires
685;Maria Sophia Silva
686;Maria Sophia Teixeira
687;Maria Vitória Nogueira
688;Maria Vitória da Mata
689;Mariana Almeida
690;Mariana Lima
691;Mariana Rocha
692;Mariana da Luz
693;Mariana da Mata
694;Mariane Pinto
695;Mariane Ramos
696;Mariane Souza
697;Mariane das Neves
698;Marina Aragão
699;Marina Moreira
700;Marina Porto
701;Marina Ramos
702;Marina Sales
703;Matheus Campos
704;Matheus Cardoso
705;Matheus Freitas
706;Matheus da Cruz
707;Matheus da Rocha
708;Maysa Carvalho
709;Maysa Dias
710;Maysa Ferreira
711;Maysa Fogaça
712;Maysa Monteiro
713;Maysa Nogueira
714;Maysa da Luz
715;Melissa Rocha
716;Miguel Cardoso
717;Miguel Moura
718;Miguel Nascimento
719;Miguel Rodrigues
720;Miguel Viana
721;Miguel da Cunha
722;Miguel da Mota
723;Milena Jesus
724;Milena Rocha
725;Milena da Cruz
726;Milena da Cruz
727;Mirella Almeida
728;Mirella Pinto
729;Mirella Ribeiro
730;Murilo Gomes
731;Murilo Souza
732;Murilo da Rosa
733;Nathan Cardoso
734;Nathan Cavalcanti
735;Nathan Silva
736;Nathan Souza
737;Nathan Vieira
738;Natália Almeida
739;Natália Cavalcanti
740;Natália Moura
741;Natália Pinto
742;Natália das Neves
743;Nicolas Duarte
744;Nicolas Silva
745;Nicolas Vieira
746;Nicolas da Mota
747;Nicole Barbosa
748;Nicole Rezende
749;Nicole da Cruz
750;Nina Caldeira
751;Nina Ferreira
752;Nina Gomes
753;Nina Moura
754;Nina Pereira
755;Noah Correia
756;Noah Dias
757;Noah Fernandes
758;Noah Pinto
759;Noah Porto
760;Noah Rodrigues
761;Noah Viana
762;Noah Viana
763;Noah da Cruz
764;Olivia Barbosa
765;Olivia Fogaça
766;Olivia Oliveira
767;Olivia da Mota
768;Otávio da Rocha
769;Paulo Costela
770;Paulo Duarte
771;Paulo Fogaça
772;Paulo Monteiro
773;Paulo Pires
774;Paulo Porto
775;Paulo Rezende
776;Pedro Araújo
777;Pedro Cardoso
778;Pedro Henrique Correia
779;Pedro Henrique Melo
780;Pedro Lucas Barbosa
781;Pedro Lucas Campos
782;Pedro Lucas Dias
783;Pedro Lucas Nascimento
784;Pedro Lucas Porto
785;Pedro Lucas da Paz
786;Pedro Lucas da Rosa
787;Pedro Miguel Almeida
788;Pedro Miguel Araújo
789;Pedro Miguel Cardoso
790;Pedro Miguel Moreira
791;Pedro Miguel Peixoto
792;Pedro Miguel Santos
793;Pedro Silva
794;Pietra Costela
795;Pietra Fogaça
796;Pietro Azevedo
797;Pietro Campos
798;Pietro Gonçalves
799;Pietro Lopes
800;Pietro Monteiro
801;Pietro Nunes
802;Pietro Porto
803;Pietro Silva
804;Rafael Correia
805;Rafael Viana
806;Rafaela Freitas
807;Rafaela Nogueira
808;Rafaela Pires
809;Rafaela Silva
810;Rafaela da Costa
811;Rafaela da Costa
812;Raquel Carvalho
813;Raquel Martins
814;Raquel Sales
815;Raul Sales
816;Raul da Cruz
817;Raul da Cunha
818;Rebeca Caldeira
819;Rebeca Correia
820;Rebeca Ramos
821;Rebeca Teixeira
822;Rebeca da Paz
823;Renan Costa
824;Renan Pinto
825;Renan Rezende
826;Renan Silveira
827;Renan Teixeira
828;Renan da Costa
829;Renan da Mota
830;Rodrigo Monteiro
831;Ryan Correia
832;Ryan Nunes
833;Ryan Ramos
834;Sabrina Costa
835;Sabrina Fernandes
836;Sabrina Fogaça
837;Sabrina Fogaça
838;Sabrina Silva
839;Samuel Gomes
840;Samuel Martins
841;Samuel Monteiro
842;Sarah Freitas
843;Sarah Rezende
844;Sofia da Rocha
845;Sophia Nascimento
846;Sophia Viana
847;Sophie Freitas
848;Sophie Nogueira
849;Sophie Silveira
850;Sophie da Luz
851;Sr. André da Rosa
852;Sr. Anthony Dias
853;Sr. Bryan Mendes
854;Sr. Bryan Nogueira
855;Sr. Calebe Carvalho
856;Sr. Carlos Eduardo Costela
857;Sr. Cauã Sales
858;Sr. Diego da Rosa
859;Sr. Diogo Costela
860;Sr. Enrico Barros
861;Sr. Enrico Souza
862;Sr. Guilherme Alves
863;Sr. Henrique Moraes
864;Sr. Ian da Costa
865;Sr. João Vitor Silva
866;Sr. Juan da Costa
867;Sr. Leandro Alves
868;Sr. Leandro Ferreira
869;Sr. Leandro Ferreira
870;Sr. Levi Almeida
871;Sr. Levi Mendes
872;Sr. Lorenzo da Luz
873;Sr. Lucas Gabriel da Luz
874;Sr. Lucas da Conceição
875;Sr. Luiz Gustavo Pires
876;Sr. Matheus Fogaça
877;Sr. Noah Gomes
878;Sr. Pedro Aragão
879;Sr. Pedro Lucas Cardoso
880;Sr. Pedro Miguel Novaes
881;Sr. Pedro Miguel Rocha
882;Sr. Pietro Oliveira
883;Sr. Pietro da Mota
884;Sr. Raul Sales
885;Sr. Ryan Rodrigues
886;Sr. Thales da Rocha
887;Sr. Thiago Ferreira
888;Sr. Vicente Rocha
889;Sr. Vitor Hugo Cunha
890;Sra. Agatha da Mata
891;Sra. Amanda Nogueira
892;Sra. Ana Julia da Cruz
893;Sra. Ana Júlia Jesus
894;Sra. Ana Laura Duarte
895;Sra. Ana Luiza Aragão
896;Sra. Elisa Melo
897;Sra. Giovanna Ferreira
898;Sra. Giovanna Jesus
899;Sra. Helena Jesus
900;Sra. Isabelly Rodrigues
901;Sra. Juliana Santos
902;Sra. Lara das Neves
903;Sra. Larissa Ramos
904;Sra. Lavínia Duarte
905;Sra. Lavínia Rezende
906;Sra. Lorena Cavalcanti
907;Sra. Lorena Pinto
908;Sra. Lorena Silveira
909;Sra. Luiza da Mota
910;Sra. Maria Alice Alves
911;Sra. Maria Clara Vieira
912;Sra. Maria Julia Ribeiro
913;Sra. Maria Luiza Mendes
914;Sra. Mariana Nogueira
915;Sra. Mariane Viana
916;Sra. Marina Almeida
917;Sra. Marina Cardoso
918;Sra. Maysa Gonçalves
919;Sra. Milena da Paz
920;Sra. Valentina Jesus
921;Srta. Ana Júlia Barbosa
922;Srta. Ana Júlia Martins
923;Srta. Ana Vitória Rocha
924;Srta. Beatriz Aragão
925;Srta. Carolina Novaes
926;Srta. Caroline Peixoto
927;Srta. Emanuella Nascimento
928;Srta. Fernanda Carvalho
929;Srta. Fernanda da Mota
930;Srta. Giovanna Silva
931;Srta. Laura Melo
932;Srta. Laura Ramos
933;Srta. Laís Monteiro
934;Srta. Lorena Lima
935;Srta. Lívia Sales
936;Srta. Manuela Aragão
937;Srta. Manuela da Conceição
938;Srta. Maria Vieira
939;Srta. Maria da Cunha
940;Srta. Marina Freitas
941;Srta. Marina Ribeiro
942;Srta. Nicole Farias
943;Srta. Nina Lopes
944;Srta. Sarah Souza
945;Srta. Sophie Oliveira
946;Srta. Yasmin Campos
947;Stella Almeida
948;Stella Cardoso
949;Stella Cavalcanti
950;Stella Fogaça
951;Stella Rezende
952;Stephany Aragão
953;Stephany Novaes
954;Stephany Pinto
955;Stephany Ramos
956;Stephany da Conceição
957;Thales Moreira
958;Thales Santos
959;Thales Souza
960;Thales das Neves
961;Theo Dias
962;Theo Vieira
963;Theo da Mota
964;Thiago Moura
965;Thiago Rocha
966;Thomas Moreira
967;Vicente Barbosa
968;Vicente Fernandes
969;Vicente Gomes
970;Vicente Peixoto
971;Vicente Rezende
972;Vicente da Mata
973;Vicente da Paz
974;Vinicius Pires
975;Vinicius Teixeira
976;Vinicius da Paz
977;Vitor Costa
978;Vitor Gabriel Aragão
979;Vitor Gabriel Cardoso
980;Vitor Gabriel Nogueira
981;Vitor Gabriel da Conceição
982;Vitor Hugo Campos
983;Vitor Hugo da Mata
984;Vitor Porto
985;Vitor da Costa
986;Vitória Melo
987;Vitória Pereira
988;Vitória da Conceição
989;Vitória da Costa
990;Yago Freitas
991;Yago Rocha
992;Yago das Neves
993;Yasmin Fernandes
994;Yasmin Lima
995;Yasmin Nascimento
996;Yasmin da Conceição
997;Yuri Barros
998;Yuri Martins
999;Yuri Monteiro
1000;Yuri Silva
